country,clicks,impressions
United Kingdom,65,18391
United States,1,392
Spain,0,46
Germany,0,38
Canada,0,31
France,0,29
Netherlands,1,27
Italy,0,25
Ireland,0,23
India,0,21
Poland,0,19
Australia,1,18
Vietnam,0,14
Romania,0,13
Greece,0,13
Denmark,0,11
Switzerland,0,11
Japan,0,10
Hungary,0,8
Bulgaria,0,8
Indonesia,0,8
Portugal,0,7
China,0,7
Sweden,0,7
Malaysia,0,6
South Korea,0,6
Brazil,0,6
Czech Republic,0,5
Belgium,0,5
Türkiye,0,5
Colombia,0,4
Mexico,0,4
Russia,0,4
Philippines,0,4
Thailand,0,4
Slovakia,0,3
Slovenia,0,3
Hong Kong,0,3
Croatia,0,3
New Zealand,0,3
Dominican Republic,0,3
Venezuela,0,3
Argentina,0,3
Singapore,0,2
Lithuania,0,2
Norway,0,2
Finland,0,2
Saudi Arabia,0,2
Bangladesh,0,2
Kazakhstan,0,2
Iraq,0,2
Belize,0,2
Morocco,0,2
Pakistan,0,2
Guernsey,0,2
Ecuador,0,2
Peru,0,2
Bosnia and Herzegovina,0,1
Afghanistan,0,1
Austria,0,1
Egypt,0,1
Tunisia,0,1
Uzbekistan,0,1
Senegal,0,1
Sri Lanka,0,1
Jersey,0,1
Ukraine,0,1
Belarus,0,1
Maldives,0,1
Algeria,0,1
Bolivia,0,1
Fiji,0,1
Syria,0,1
Ghana,0,1
United Arab Emirates,0,1
Paraguay,0,1
Serbia,0,1
Kenya,0,1
