date,clicks,impressions,ctr,position
2026-03-26,0,118,0,21.7203
2026-03-27,1,87,0.0115,24.9195
2026-03-28,1,83,0.012,26.6867
2026-03-29,1,106,0.0094,23.0189
2026-03-30,3,107,0.028,23.7944
2026-03-31,2,127,0.0157,19.1102
2026-04-01,2,88,0.0227,20.7955
2026-04-02,2,101,0.0198,19.7228
2026-04-03,0,86,0,27.7326
2026-04-04,0,87,0,22.954
2026-04-05,0,59,0,23.9322
2026-04-06,0,96,0,21.9375
2026-04-07,0,121,0,20.2727
2026-04-08,0,80,0,23.5875
2026-04-09,0,145,0,24.3103
2026-04-10,2,88,0.0227,24.9091
2026-04-11,0,93,0,22.7527
2026-04-12,1,92,0.0109,21.4348
2026-04-13,5,151,0.0331,18.1722
2026-04-14,0,91,0,18.6154
2026-04-15,0,62,0,35.5645
2026-04-16,0,99,0,23.5859
2026-04-17,0,88,0,20.6477
2026-04-18,2,80,0.025,21.9625
2026-04-19,0,90,0,20.2556
2026-04-20,0,140,0,18.8643
2026-04-21,0,89,0,19.4944
2026-04-22,0,99,0,19.0303
2026-04-23,0,124,0,17.4194
2026-04-24,0,87,0,17.5402
2026-04-25,0,87,0,21.2414
2026-04-26,0,96,0,19.0729
2026-04-27,0,137,0,16.7883
2026-04-28,0,92,0,16.5435
2026-04-29,1,106,0.0094,17.2736
2026-04-30,0,66,0,17.8939
2026-05-01,0,44,0,16.1364
2026-05-02,1,80,0.0125,18.5
2026-05-03,1,82,0.0122,20.122
2026-05-04,0,118,0,17.8136
2026-05-05,0,113,0,16.6814
2026-05-06,0,105,0,17.6952
2026-05-07,0,125,0,17.568
2026-05-08,1,83,0.012,18.3614
2026-05-09,0,90,0,20.1
2026-05-10,1,99,0.0101,18.1212
2026-05-11,1,160,0.0063,13.975
2026-05-12,0,154,0,19.7857
2026-05-13,0,74,0,20.4459
2026-05-14,3,107,0.028,15.8598
2026-05-15,1,107,0.0093,20.8785
2026-05-16,0,139,0,25.0288
2026-05-17,0,171,0,21.3684
2026-05-18,1,273,0.0037,26.9707
2026-05-19,0,178,0,28.5674
2026-05-20,1,179,0.0056,25.933
2026-05-21,1,222,0.0045,24.7568
2026-05-22,1,163,0.0061,27.1288
2026-05-23,0,141,0,24.5035
2026-05-24,0,236,0,25.0593
2026-05-25,0,404,0,23.3342
2026-05-26,1,344,0.0029,28.4273
2026-05-27,0,343,0,25.4373
2026-05-28,0,566,0,25.6661
2026-05-29,0,332,0,28.1536
2026-05-30,1,362,0.0028,33.4917
2026-05-31,2,383,0.0052,34.0522
2026-06-01,3,562,0.0053,26.6441
2026-06-02,0,361,0,26.0609
2026-06-03,1,417,0.0024,24.7674
2026-06-04,0,570,0,23.8158
2026-06-05,1,428,0.0023,26.4907
2026-06-06,3,408,0.0074,25.7623
2026-06-07,2,427,0.0047,25.548
2026-06-08,1,752,0.0013,23.7354
2026-06-09,1,440,0.0023,27.0932
2026-06-10,1,375,0.0027,24.3707
2026-06-11,1,390,0.0026,21.3949
2026-06-12,1,372,0.0027,20.957
2026-06-13,0,312,0,21.359
2026-06-14,2,352,0.0057,20.2585
2026-06-15,0,606,0,21.5215
2026-06-16,2,311,0.0064,19.8199
2026-06-17,0,349,0,22.6074
2026-06-18,1,349,0.0029,20.8166
2026-06-19,1,387,0.0026,21.9483
2026-06-20,3,464,0.0065,22.625
2026-06-21,1,464,0.0022,23.2435
2026-06-22,3,682,0.0044,23.2273
