date,reach,views,likes,comments,shares,saves,profile_links_taps,total_interactions
2026-05-25,0,0,0,0,0,0,0,0
2026-05-26,1,3,0,0,0,0,0,0
2026-05-27,0,0,0,0,0,0,0,0
2026-05-28,0,0,0,0,0,0,0,0
2026-05-29,0,0,0,0,0,0,0,0
2026-05-30,0,0,0,0,0,0,0,0
2026-05-31,0,0,0,0,0,0,0,0
2026-06-01,0,0,0,0,0,0,0,0
2026-06-02,0,0,0,0,0,0,0,0
2026-06-03,0,0,0,0,0,0,0,0
2026-06-04,0,0,0,0,0,0,0,0
2026-06-05,168,270,2,1,0,0,0,3
2026-06-06,32,59,5,0,0,0,0,6
2026-06-07,6,7,0,0,0,0,0,0
2026-06-08,4,17,1,0,0,0,0,1
2026-06-09,23,36,1,1,0,0,0,2
2026-06-10,22,40,1,0,0,0,0,1
2026-06-11,3,5,0,0,0,0,0,0
2026-06-12,1,2,0,0,0,0,0,0
2026-06-13,3,6,1,0,0,0,0,1
2026-06-14,0,0,0,0,0,0,0,0
2026-06-15,0,0,0,0,0,0,0,0
2026-06-16,0,0,0,0,0,0,0,0
2026-06-17,0,0,0,0,0,0,0,0
2026-06-18,0,0,0,0,0,0,0,0
2026-06-19,0,0,0,0,0,0,0,0
2026-06-20,0,0,0,0,0,0,0,0
2026-06-21,0,0,0,0,0,0,0,0
2026-06-22,0,1,1,0,0,0,0,1
2026-06-23,0,0,0,0,0,0,0,0
