page,clicks,impressions,ctr,position
https://www.backbeat-band.co.uk/,36,8740,0.0041,21.9849
https://www.backbeat-band.co.uk/wedding-bands/berkshire,1,1818,0.0006,22.2101
https://www.backbeat-band.co.uk/wedding-bands/isle-of-wight,1,1140,0.0009,13.9149
https://www.backbeat-band.co.uk/wedding-bands/hampshire,2,960,0.0021,46.0458
https://www.backbeat-band.co.uk/wedding-bands/west-sussex,1,950,0.0011,23.4305
https://www.backbeat-band.co.uk/wedding-bands/surrey,1,843,0.0012,27.1507
https://www.backbeat-band.co.uk/wedding-bands/dorset,2,759,0.0026,22.5652
https://www.backbeat-band.co.uk/wedding-bands/oxford,0,618,0,28.3722
https://www.backbeat-band.co.uk/wedding-bands/oxfordshire,1,479,0.0021,28.4551
https://www.backbeat-band.co.uk/wedding-bands/bristol,0,436,0,26.4702
https://www.backbeat-band.co.uk/wedding-bands/east-devon,0,322,0,57.9658
https://www.backbeat-band.co.uk/wedding-bands/brighton,0,316,0,31.019
https://www.backbeat-band.co.uk/wedding-bands/southampton,0,259,0,42.5212
https://www.backbeat-band.co.uk/wedding-bands/gloucestershire,0,251,0,41.3307
https://www.backbeat-band.co.uk/wedding-bands/winchester,3,128,0.0234,53.7344
https://www.backbeat-band.co.uk/wedding-bands/bournemouth,0,124,0,16.3226
https://www.backbeat-band.co.uk/isle-of-wight-weddings,1,121,0.0083,5.9421
https://www.backbeat-band.co.uk/wedding-bands/cheltenham,0,120,0,17.375
https://www.backbeat-band.co.uk/wiltshire-weddings,0,115,0,20.3565
https://www.backbeat-band.co.uk/dorset-weddings,0,114,0,23.1667
https://www.backbeat-band.co.uk/wedding-bands/four-seasons-hampshire,0,109,0,35.0826
https://www.backbeat-band.co.uk/wedding-bands/buckinghamshire,0,94,0,29.4787
https://www.backbeat-band.co.uk/wedding-bands/bath,1,85,0.0118,15.7294
https://www.backbeat-band.co.uk/wedding-bands/avington-park,1,83,0.012,41.2771
https://www.backbeat-band.co.uk/wedding-bands/east-sussex,0,79,0,49.5949
https://www.backbeat-band.co.uk/wedding-bands,1,62,0.0161,29.0645
https://www.backbeat-band.co.uk/wedding-bands/clock-barn,1,58,0.0172,30.069
https://www.backbeat-band.co.uk/wedding-bands/blenheim-palace,0,58,0,18.6034
https://www.backbeat-band.co.uk/wedding-bands/greater-london,0,49,0,7.8367
https://www.backbeat-band.co.uk/repertoire,0,47,0,23.7021
https://www.backbeat-band.co.uk/wedding-bands/exeter,0,43,0,17.814
https://www.backbeat-band.co.uk/wedding-bands/bury-court-barn,0,42,0,30.8571
https://www.backbeat-band.co.uk/wedding-bands/chewton-glen,0,39,0,28.359
https://www.backbeat-band.co.uk/wedding-bands/elmore-court,2,35,0.0571,11.2857
https://www.backbeat-band.co.uk/wedding-bands/marlow,2,35,0.0571,25.8857
https://www.backbeat-band.co.uk/wedding-bands/highcliffe-castle,0,35,0,44.5429
https://www.backbeat-band.co.uk/hampshire-weddings,0,33,0,5.0909
https://www.backbeat-band.co.uk/wedding-bands/guildford,0,32,0,29.0625
https://www.backbeat-band.co.uk/wedding-bands/chichester,0,31,0,68.6452
https://www.backbeat-band.co.uk/wedding-bands/heckfield-place,0,30,0,18.1667
https://www.backbeat-band.co.uk/wedding-bands/syrencot,0,30,0,12.3333
https://www.backbeat-band.co.uk/corporate-events,0,28,0,2.5714
https://www.backbeat-band.co.uk/privacy,0,26,0,3.5
https://www.backbeat-band.co.uk/wedding-bands/goodwood-house,0,24,0,34.5417
https://www.backbeat-band.co.uk/wedding-bands/amberley-castle,0,22,0,14.5
https://www.backbeat-band.co.uk/wedding-bands/wiltshire,0,20,0,15.7
https://www.backbeat-band.co.uk/wedding-bands/kent,0,19,0,24.5263
https://www.backbeat-band.co.uk/wedding-bands/babington-house,0,15,0,14.6667
https://www.backbeat-band.co.uk/wedding-bands/hedsor-house,1,14,0.0714,13.6429
https://www.backbeat-band.co.uk/wedding-bands/berkeley-castle,0,14,0,17.2143
https://www.backbeat-band.co.uk/west-sussex-weddings,4,13,0.3077,6
https://www.backbeat-band.co.uk/wedding-bands/southdowns-manor,1,13,0.0769,5.8462
https://www.backbeat-band.co.uk/wedding-bands/almer-manor,0,13,0,10.4615
https://www.backbeat-band.co.uk/wedding-bands/gravetye-manor,0,13,0,15.1538
https://www.backbeat-band.co.uk/wedding-bands/leeds-castle,0,13,0,47.1538
https://www.backbeat-band.co.uk/wedding-bands/salisbury,0,12,0,27.25
https://www.backbeat-band.co.uk/wedding-bands/the-elvetham,0,12,0,10.5833
https://www.backbeat-band.co.uk/wedding-bands/tunbridge-wells,0,12,0,24.25
https://www.backbeat-band.co.uk/wedding-bands/highclere-castle,0,11,0,31.4545
https://www.backbeat-band.co.uk/wedding-bands/lucknam-park,0,11,0,10.9091
https://www.backbeat-band.co.uk/wedding-bands/somerset,0,11,0,18.3636
https://www.backbeat-band.co.uk/wedding-bands/wasing-park,0,11,0,22.5455
https://www.backbeat-band.co.uk/wedding-bands/farnham-castle,0,10,0,38.8
https://www.backbeat-band.co.uk/wedding-bands/notley-abbey,0,10,0,18.2
https://www.backbeat-band.co.uk/wedding-bands/oakley-court,0,10,0,18
https://www.backbeat-band.co.uk/wedding-bands/smedmore-house,0,10,0,37.8
https://www.backbeat-band.co.uk/wedding-bands/sopley-mill,0,10,0,12.8
https://www.backbeat-band.co.uk/wedding-bands/beaverbrook,1,9,0.1111,8.8889
https://www.backbeat-band.co.uk/berkshire-weddings,0,9,0,12.8889
https://www.backbeat-band.co.uk/wedding-bands/cornwell-manor,0,9,0,21.6667
https://www.backbeat-band.co.uk/wedding-bands/fulham-palace,0,9,0,23.4444
https://www.backbeat-band.co.uk/wedding-bands/northbrook-park,0,9,0,8.5556
https://www.backbeat-band.co.uk/wedding-bands/findon-place,0,8,0,8.125
https://www.backbeat-band.co.uk/wedding-bands/hampton-court-palace,0,8,0,13.25
https://www.backbeat-band.co.uk/wedding-bands/hartwell-house,0,8,0,32.375
https://www.backbeat-band.co.uk/wedding-bands/larmer-tree-gardens,0,8,0,9.625
https://www.backbeat-band.co.uk/wedding-bands/estelle-manor,0,7,0,13.5714
https://www.backbeat-band.co.uk/wedding-bands/stowe-house,0,7,0,15
https://www.backbeat-band.co.uk/wedding-bands/wiston-house,0,7,0,7.8571
https://www.backbeat-band.co.uk/wedding-bands/donnington-grove,0,6,0,15.6667
https://www.backbeat-band.co.uk/wedding-bands/south-lodge,0,6,0,40.6667
https://www.backbeat-band.co.uk/wedding-bands/hever-castle,1,5,0.2,9
https://www.backbeat-band.co.uk/wedding-bands/great-fosters,0,5,0,12.6
https://www.backbeat-band.co.uk/wedding-bands/kew-gardens,0,5,0,30.2
https://www.backbeat-band.co.uk/wedding-bands/loseley-park,0,5,0,19.2
https://www.backbeat-band.co.uk/wedding-bands/manor-house-castle-combe,0,5,0,4.4
https://www.backbeat-band.co.uk/wedding-bands/somerley-house,0,5,0,22.6
https://www.backbeat-band.co.uk/wedding-bands/pennyhill-park,1,4,0.25,7
https://www.backbeat-band.co.uk/wedding-bands/arundel-castle,0,4,0,7.25
https://www.backbeat-band.co.uk/wedding-bands/buxted-park,0,4,0,14.5
https://www.backbeat-band.co.uk/wedding-bands/le-manoir-aux-quat-saisons,0,4,0,28.75
https://www.backbeat-band.co.uk/wedding-bands/owlpen-manor,0,4,0,10.75
https://www.backbeat-band.co.uk/wedding-bands/rhinefield-house,0,4,0,26
https://www.backbeat-band.co.uk/wedding-bands/stratton-court-barn,0,4,0,6.25
https://www.backbeat-band.co.uk/wedding-bands/tylney-hall,0,4,0,29.75
https://www.backbeat-band.co.uk/wedding-bands/foxhills,0,3,0,5.6667
https://www.backbeat-band.co.uk/wedding-bands/froyle-park,0,3,0,7.3333
https://www.backbeat-band.co.uk/wedding-bands/lulworth-castle,0,3,0,8
https://www.backbeat-band.co.uk/wedding-bands/priston-mill,0,3,0,4.3333
https://www.backbeat-band.co.uk/wedding-bands/reading,0,3,0,3.6667
https://www.backbeat-band.co.uk/wedding-bands/royal-berkshire-hotel,0,3,0,7.3333
https://www.backbeat-band.co.uk/surrey-weddings,1,2,0.5,6.5
https://www.backbeat-band.co.uk/wedding-bands/caswell-house,1,2,0.5,3.5
https://www.backbeat-band.co.uk/wedding-bands/coworth-park,0,2,0,12
https://www.backbeat-band.co.uk/wedding-bands/hurlingham-club,0,2,0,9
https://www.backbeat-band.co.uk/wedding-bands/lainston-house,0,2,0,3
https://www.backbeat-band.co.uk/wedding-bands/mapperton,0,2,0,34
https://www.backbeat-band.co.uk/wedding-bands/athelhampton,0,1,0,47
https://www.backbeat-band.co.uk/wedding-bands/bailiffscourt,0,1,0,11
https://www.backbeat-band.co.uk/wedding-bands/cliveden-house,0,1,0,8
https://www.backbeat-band.co.uk/wedding-bands/euridge-manor,0,1,0,9
https://www.backbeat-band.co.uk/wedding-bands/penshurst-place,0,1,0,4
https://www.backbeat-band.co.uk/wedding-bands/portsmouth,0,1,0,9
https://www.backbeat-band.co.uk/wedding-bands/pylewell-park,0,1,0,10
https://www.backbeat-band.co.uk/wedding-bands/syon-park,0,1,0,4
https://www.backbeat-band.co.uk/wedding-bands/the-vineyard,0,1,0,70
