query,clicks,impressions,ctr,position
wedding bands southampton,0,1393,0,11.0072
wedding bands hampshire,2,728,0.0027,15.8159
wedding band hampshire,2,496,0.004,12.8125
wedding music bands hampshire,0,432,0,21.1736
wedding entertainment hampshire,0,426,0,23.838
live wedding band hampshire,0,263,0,14.1635
wedding bands brighton,0,258,0,30.3643
live wedding bands hampshire,0,253,0,16.0237
hampshire wedding bands,0,248,0,14.6048
wedding music hampshire,0,247,0,22.753
wedding band in hampshire,0,244,0,14.8484
wedding bands bristol,0,225,0,26.7156
party band hampshire,0,201,0,26.3134
band hire hampshire,0,194,0,52.2165
wedding musicians hampshire,0,180,0,36.65
function band hampshire,0,176,0,62.0625
wedding bands oxfordshire,0,172,0,29.0465
bands for weddings hampshire,0,165,0,19.9818
wedding bands berkshire,0,158,0,18.5253
bands for weddings in hampshire,0,152,0,23.2895
wedding bands west sussex,0,151,0,21.6755
live wedding band isle of wight,0,150,0,7.2467
live wedding band dorset,0,147,0,21.6395
wedding band new forest,0,146,0,34.4589
backbeat band,7,145,0.0483,6.3586
bands for hire berkshire,0,144,0,27
party bands hampshire,0,142,0,27.8028
covers band hampshire,0,141,0,53.3475
wedding bands bournemouth,0,125,0,24.192
wedding bands dorset,0,125,0,21.24
wedding bands surrey,0,124,0,24.3548
berkshire bands for hire,0,120,0,26.8417
hampshire party bands,0,120,0,27.9833
hampshire wedding entertainment,0,117,0,20.3761
live wedding band wiltshire,0,115,0,20.3565
bands for hire hampshire,0,114,0,41.0614
wedding band berkshire,0,109,0,14.844
wedding bands isle of wight,0,101,0,9.9505
hampshire wedding band,0,93,0,15.914
wedding band hire hampshire,0,93,0,31.4086
hampshire wedding bands for hire,0,90,0,34.8111
wedding bands oxford,0,90,0,18.8333
wedding band surrey,0,89,0,27.9551
live wedding bands berkshire,0,87,0,17.3218
wedding bands cheltenham,0,85,0,18.3765
bristol wedding bands,0,82,0,22.9024
oxfordshire wedding bands,0,81,0,27.9506
hampshire bands for hire,0,80,0,42.75
wedding band oxford,0,78,0,20.3077
wedding bands chester,0,77,0,77.6234
band hire berkshire,0,76,0,37.9474
isle of wight wedding bands,0,76,0,9.9868
wedding music bands isle of wight,0,76,0,13.6184
wedding band oxfordshire,0,75,0,31.72
southampton wedding band,0,74,0,7.2027
wedding band in isle of wight,0,74,0,12.3784
isle of wight wedding bands for hire,0,73,0,13.863
berkshire wedding bands,0,71,0,11.7183
wedding musicians berkshire,0,71,0,18.4225
bands for weddings isle of wight,0,69,0,13.1739
live wedding band berkshire,0,69,0,14.7246
hampshire wedding band for hire,0,68,0,33.8824
live wedding bands isle of wight,0,68,0,9.3824
party band berkshire,0,65,0,35.9692
wedding music bands berkshire,0,65,0,19.9692
isle of wight wedding band for hire,0,64,0,17.1406
wedding band in dorset,0,64,0,24.6719
wedding music bands oxfordshire,0,64,0,28.25
wedding music surrey,0,64,0,25.3594
backbeat wedding band,8,63,0.127,7.4603
dorset wedding bands,0,63,0,18.4127
wedding music bands surrey,0,63,0,33.1746
live wedding bands dorset,0,62,0,22.0323
bands for weddings in berkshire,0,60,0,18.2
function bands hampshire,0,60,0,30.8167
hire a wedding band hampshire,0,60,0,31.8
wedding band in west sussex,0,60,0,24.0833
bands for weddings berkshire,0,59,0,14.2542
west sussex wedding bands,0,59,0,22.6949
wedding band hire isle of wight,0,58,0,20.5345
live wedding band west sussex,0,57,0,24.7719
surrey wedding bands,0,57,0,16.8421
berkshire wedding bands for hire,0,56,0,25.7143
live wedding bands oxfordshire,0,56,0,27.7857
bands for weddings oxfordshire,0,55,0,25
wedding bands bath,0,55,0,16.2909
berkshire wedding band for hire,0,54,0,28.0556
wedding band southampton,1,53,0.0189,7.6981
bands for weddings dorset,0,52,0,15.9808
bands for weddings in dorset,0,52,0,21.4615
bands for weddings west sussex,0,50,0,18.78
live wedding band oxfordshire,0,50,0,28.42
live wedding bands west sussex,0,50,0,26.56
hire a wedding band isle of wight,0,49,0,21.1224
berkshire function bands,0,48,0,18.4792
wedding music bands west sussex,0,48,0,20.2917
isle of wight function bands,0,47,0,13.1277
wedding musicians surrey,0,47,0,30.8723
wedding band sussex,0,46,0,22.2826
wedding music bands dorset,0,46,0,25.1739
wedding bands in dorset,0,45,0,25.2444
four seasons hampshire wedding,0,44,0,35.5682
wedding band hire west sussex,0,42,0,26
wedding bands in southampton,1,40,0.025,9.225
function bands isle of wight,0,40,0,13.5
greater london wedding bands,0,40,0,7.5
wedding singer berkshire,0,40,0,36
avington park wedding,0,39,0,50.8974
bands for hire isle of wight,0,39,0,11.4103
isle of wight wedding entertainment,0,39,0,25.2308
bands for weddings in surrey,0,38,0,27.7368
bands for weddings surrey,0,38,0,25.3947
best wedding bands hampshire,0,38,0,21.7895
party band oxford,0,38,0,31.5789
wedding band northampton,0,38,0,77.9737
west sussex wedding bands for hire,0,38,0,21.2895
function band oxford,0,37,0,43.7297
party bands isle of wight,0,36,0,15.7778
wedding band portsmouth,0,36,0,16.1389
dorset wedding bands for hire,0,35,0,32.4286
live wedding bands surrey,0,35,0,32.5429
wedding bands cotswolds,0,35,0,37.4571
band hire oxford,0,34,0,53.2059
wedding band hire berkshire,0,34,0,30.9412
isle of wight bands for hire,0,33,0,12.2424
wedding bands exeter,0,33,0,24.0606
wedding bands portsmouth,0,33,0,25.4848
wedding entertainment southampton,0,33,0,15.3939
wedding band cotswolds,0,32,0,39.5938
wedding bands sussex,0,32,0,24.8438
backbeat,1,31,0.0323,12
hampshire function bands,0,31,0,37.9032
indie wedding band hampshire,0,31,0,10.1613
isle of wight party bands,0,31,0,16.2258
live bands hampshire,0,31,0,29.9032
wedding band gloucester,0,31,0,49.3226
wedding bands hampshire uk,0,31,0,14.3871
best wedding band hampshire,0,30,0,16.8
wedding bands hampshire area,0,30,0,16.1
live wedding bands in hampshire,0,29,0,20.069
wedding singer hampshire,0,29,0,67.931
bury court barn wedding supplier,0,28,0,40.9286
cotswolds wedding bands,0,28,0,34.1429
function bands berkshire,0,27,0,28.2222
heckfield place wedding supplier,0,27,0,18.6667
bands for weddings bristol,0,26,0,29.3077
wedding band bristol,0,26,0,23.3846
best hampshire wedding bands,0,25,0,23.24
southampton wedding bands,0,25,0,23.88
wedding band hire dorset,0,25,0,36
wedding band music hampshire,0,25,0,15.2
wedding function band hampshire,0,25,0,18
west sussex wedding band for hire,0,25,0,28.6
brighton wedding bands,0,24,0,31.4167
wedding band hampshire uk,0,24,0,19.125
party bands southampton,0,23,0,23.0435
wedding band dorset,1,22,0.0455,18.2273
hampshire bands,0,22,0,22.6364
wedding band bournemouth,0,22,0,40.1364
wedding band cheltenham,0,22,0,16.7727
wedding bands chichester,0,22,0,12.6818
wedding bands near me,0,22,0,54.5909
bristol bands for weddings,0,21,0,30.2381
wedding band reviews hampshire,0,21,0,14.381
berkshire wedding entertainment,0,20,0,22.9
hire a wedding band berkshire,0,20,0,40.4
wedding bands in hampshire,0,20,0,27.65
wedding entertainment isle of wight,0,20,0,30.3
bands in surrey,0,19,0,27.6842
dorset wedding band for hire,0,19,0,37.3158
four seasons hampshire wedding supplier,0,19,0,34.2105
wedding band buckingham,0,19,0,35.2105
wedding bands gloucestershire,0,19,0,43.1579
avington park wedding supplier,0,18,0,27.1111
cool wedding bands hampshire,0,18,0,23.3889
party bands berkshire,0,18,0,31.3333
wedding bands for hire hampshire,0,18,0,33.8889
wedding dj elmore court,0,18,0,13.9444
wedding music berkshire,0,18,0,12.3333
bands for hire surrey,0,17,0,34.5882
chewton glen wedding supplier,0,17,0,33.4118
cover bands hampshire,0,17,0,35.5882
live wedding band devon,0,17,0,52.8235
oxfordshire bands for hire,0,17,0,43.5294
wedding band hire surrey,0,17,0,41.8824
berkshire party bands,0,16,0,27.75
best wedding bands in southampton,0,16,0,37.375
buckinghamshire wedding bands,0,16,0,24.5625
live wedding band surrey,0,16,0,41.375
live wedding bands in devon,0,16,0,54.875
live wedding bands in southampton,0,16,0,32.5625
wedding bands in berkshire,0,16,0,21.0625
bands for weddings devon,0,15,0,56.2667
bristol wedding band,0,15,0,21.1333
function band southampton,0,15,0,22.4
wedding band hire oxfordshire,0,15,0,41.3333
wedding music bands devon,0,15,0,59.1333
wedding bands winchester,1,14,0.0714,9.0714
bands for weddings in devon,0,14,0,53.4286
bands in hampshire,0,14,0,40.2143
best wedding bands devon,0,14,0,66.3571
blenheim palace wedding dj,0,14,0,11.2857
cheap wedding band hampshire,0,14,0,23.4286
function band berkshire,0,14,0,38.1429
live wedding bands devon,0,14,0,54.9286
the backbeat band,0,14,0,6.8571
wedding bands in surrey,0,14,0,20.5714
wedding function bands hampshire,0,14,0,28.2143
berkshire wedding band,0,13,0,15.9231
best wedding band devon,0,13,0,65.8462
blenheim palace wedding cost,0,13,0,36.6923
hire a band in hampshire,0,13,0,28.6923
oxfordshire wedding band,0,13,0,22
oxfordshire wedding bands for hire,0,13,0,35.9231
wedding band music devon,0,13,0,49.0769
wedding bands devon,0,13,0,59.3846
wedding bands devon uk,0,13,0,61.7692
wedding bands for hire in devon,0,13,0,59.2308
wedding bands for hire in hampshire,0,13,0,29.7692
wedding singer in guildford,0,13,0,33.6154
weddings at four seasons hampshire,0,13,0,39.9231
avington park weddings,0,12,0,50.75
bands for weddings cotswolds,0,12,0,40.0833
best devon wedding bands,0,12,0,65.0833
devon wedding band,0,12,0,54.6667
four seasons hampshire weddings,0,12,0,38.3333
oxford wedding band,0,12,0,9
wedding band devon,0,12,0,60.1667
wedding band for hire in hampshire,0,12,0,28.8333
wedding singer marlow,0,12,0,31.9167
hire a wedding band west sussex,0,11,0,40.7273
live bands for weddings in devon,0,11,0,54.0909
live wedding bands buckinghamshire,0,11,0,23.6364
recommendations for wedding band devon,0,11,0,58.1818
surrey wedding band,0,11,0,16.4545
wedding band for hire hampshire,0,11,0,28.5455
wedding band west sussex,0,11,0,21.6364
wedding bands berkshire area,0,11,0,11.8182
wedding bands in oxfordshire,0,11,0,26.9091
best wedding band berkshire,0,10,0,24.5
best wedding band surrey,0,10,0,45.3
cheap wedding band berkshire,0,10,0,12.3
cotswolds bands for weddings,0,10,0,42.3
covers band berkshire,0,10,0,12.8
function bands west sussex,0,10,0,23.4
goodwood wedding,0,10,0,39.5
hampshire band for hire,0,10,0,57.8
live wedding band buckinghamshire,0,10,0,20.8
live wedding bands in oxfordshire,0,10,0,27.7
local bands oxfordshire,0,10,0,21.1
wedding band in devon,0,10,0,61.6
wedding band in oxfordshire,0,10,0,26.7
wedding bands for hire devon,0,10,0,63.1
wedding music bands gloucestershire,0,10,0,41.3
back beat band,2,9,0.2222,4.2222
bands for hire oxfordshire,0,9,0,41.8889
best berkshire wedding bands,0,9,0,21.1111
best wedding bands bournemouth,0,9,0,24.4444
cool wedding bands berkshire,0,9,0,15.7778
devon wedding bands,0,9,0,62
gloucestershire wedding bands,0,9,0,41.3333
highcliffe castle wedding,0,9,0,45.6667
indie wedding band berkshire,0,9,0,12
indie wedding band oxfordshire,0,9,0,17.4444
isle of wight bands,0,9,0,14.8889
live wedding bands gloucestershire,0,9,0,39.8889
portsmouth wedding bands,0,9,0,20.4444
surrey wedding bands for hire,0,9,0,46.4444
wedding band gloucestershire,0,9,0,43.8889
wedding band reviews berkshire,0,9,0,15.7778
wedding band reviews oxfordshire,0,9,0,28.6667
wedding bands in devon,0,9,0,60.7778
wedding bands oxfordshire area,0,9,0,20.6667
wedding bands oxfordshire uk,0,9,0,26.3333
wedding singer maidenhead,0,9,0,52.6667
west sussex wedding band,0,9,0,24.2222
bands for hire west sussex,0,8,0,32.125
bands in west sussex,0,8,0,27.625
cheap wedding band oxfordshire,0,8,0,23.625
live wedding bands in berkshire,0,8,0,18.375
oxfordshire wedding band for hire,0,8,0,41.375
wedding band buckinghamshire,0,8,0,46.25
wedding band in berkshire,0,8,0,19.5
wedding band music berkshire,0,8,0,11.375
wedding band music oxfordshire,0,8,0,25.375
wedding bands for hire berkshire,0,8,0,24
wedding bands in west sussex,0,8,0,17.375
wedding function band berkshire,0,8,0,26.875
wedding function bands berkshire,0,8,0,25.75
wedding singer west sussex,0,8,0,42.125
avington house weddings,0,7,0,44.4286
bands for hire in hampshire,0,7,0,49.2857
bands for weddings in buckinghamshire,0,7,0,35.7143
bands in devon for weddings,0,7,0,53.1429
bath wedding bands,0,7,0,13.5714
best sussex wedding bands,0,7,0,27.4286
cool wedding bands surrey,0,7,0,17.1429
hampshire wedding band hire,0,7,0,33.1429
hire a wedding band oxfordshire,0,7,0,48.8571
hire wedding bands hampshire,0,7,0,29.1429
live bands for weddings west sussex,0,7,0,25.5714
live wedding band kent,0,7,0,30.4286
sussex wedding bands,0,7,0,25.4286
wedding band music surrey,0,7,0,32.5714
wedding bands berkshire uk,0,7,0,16.7143
wedding bands dorset uk,0,7,0,22.7143
wedding bands sussex area,0,7,0,23.7143
anselm guise 9th baronet,0,6,0,9
backbeat duo,0,6,0,9
bands for weddings buckinghamshire,0,6,0,21.1667
berkshire wedding band hire,0,6,0,29.5
blenheim palace wedding entertainment,0,6,0,13.8333
cheap wedding band surrey,0,6,0,12.8333
chewton glen wedding,0,6,0,45
cool wedding bands oxfordshire,0,6,0,25.6667
cool wedding bands west sussex,0,6,0,15.5
dorset wedding band,0,6,0,15.1667
exeter wedding bands,0,6,0,17.6667
gravetye manor wedding,0,6,0,18.5
indie wedding band surrey,0,6,0,16.1667
indie wedding band west sussex,0,6,0,20.5
party singer hampshire,0,6,0,68.1667
surrey party band,0,6,0,55
wedding band music west sussex,0,6,0,19.6667
wedding band reviews west sussex,0,6,0,25.6667
wedding bands for hire bristol,0,6,0,47.3333
wedding bands for hire in berkshire,0,6,0,23.8333
wedding bands for hire west sussex,0,6,0,23.1667
wedding bands in sussex,0,6,0,23.8333
wedding music bands in surrey,0,6,0,24.5
wedding music west sussex,0,6,0,20.3333
bands for weddings gloucestershire,0,5,0,47.6
bands for weddings in gloucestershire,0,5,0,46.4
best west sussex wedding bands,0,5,0,20.8
bristol wedding bands for hire,0,5,0,43.2
cover bands surrey,0,5,0,23
devon bands weddings,0,5,0,57.4
live band hire berkshire,0,5,0,26.2
live wedding band gloucestershire,0,5,0,44.2
live wedding bands in surrey,0,5,0,30.6
live wedding bands in west sussex,0,5,0,21.2
surrey bands for hire,0,5,0,46.4
syrencot,0,5,0,13.8
wedding band for hire in berkshire,0,5,0,28.2
wedding band setlist,0,5,0,27.2
wedding bands in bath,0,5,0,16
wedding bands in bristol,0,5,0,35
wedding bands west sussex area,0,5,0,23.8
wedding music bristol,0,5,0,29.6
west sussex wedding band hire,0,5,0,26.6
backbeats band,0,4,0,7
bands for weddings south east,0,4,0,36
best wedding band west sussex,0,4,0,25.5
best wedding entertainment in southampton,0,4,0,44.5
cheap wedding band west sussex,0,4,0,17.25
clock barn basingstoke,0,4,0,34.25
clock barn wedding photographer,0,4,0,89.5
devon wedding bands for hire,0,4,0,64.25
four seasons hampshire wedding cost,0,4,0,30
goodwood house wedding,0,4,0,41.5
goodwood wedding supplier,0,4,0,24
hire band wedding hampshire,0,4,0,69
live bands for weddings in west sussex,0,4,0,24.25
live bands for weddings surrey,0,4,0,32.75
live wedding bands east sussex,0,4,0,35.75
live wedding bands sussex,0,4,0,25.5
south devon wedding bands,0,4,0,54.25
syrencot wedding,0,4,0,27.5
tufton warren,0,4,0,20.75
wedding band bath,0,4,0,16.5
wedding band for hire in west sussex,0,4,0,33.25
wedding band hire devon,0,4,0,64
wedding band reviews devon,0,4,0,53
wedding bands surrey area,0,4,0,21.5
wedding bands west sussex uk,0,4,0,13.75
wedding music bands sussex,0,4,0,22
wedding music brighton,0,4,0,18.25
wedding singer in weybridge,0,4,0,63
wedding sound tunbridge wells,0,4,0,7.75
"""12th-century manor house"" ""stadium""",0,3,0,9
almer manor,0,3,0,17.3333
backbeat music,0,3,0,14
berkeley castle wedding,0,3,0,22
best wedding bands bristol,0,3,0,70
best wedding bands sussex,0,3,0,43
bournemouth duo,0,3,0,23.6667
clock barn,0,3,0,34.6667
clock barn whitchurch,0,3,0,32.3333
cool wedding bands buckinghamshire,0,3,0,30
cotswolds wedding bands for hire,0,3,0,46.6667
covers band oxford,0,3,0,32.6667
guildford wedding dj,0,3,0,32
hampshire wedding dj,0,3,0,77
hedsor house wedding dj,0,3,0,17.6667
hire band wedding berkshire,0,3,0,28.6667
live wedding band east sussex,0,3,0,34.3333
live wedding band somerset,0,3,0,23
second wind cheltenham,0,3,0,45.6667
soul band hampshire,0,3,0,85.3333
syrencot wedding supplier,0,3,0,8.6667
wasing park wedding supplier,0,3,0,28.3333
wedding band for hire berkshire,0,3,0,29.3333
wedding band for hire in devon,0,3,0,69
wedding band for hire west sussex,0,3,0,32.6667
wedding band hire in hampshire,0,3,0,37.6667
wedding band in surrey,0,3,0,30.6667
wedding band northants,0,3,0,76.6667
wedding bands buckinghamshire,0,3,0,47.3333
wedding bands for hire in west sussex,0,3,0,19.6667
wedding bands salisbury,0,3,0,30
wedding bands surrey uk,0,3,0,23.6667
wedding dj hampshire,0,3,0,74.6667
wedding entertainment west sussex,0,3,0,27
wedding function bands oxfordshire,0,3,0,42.3333
wedding jazz band surrey,0,3,0,32.6667
wedding music bands bristol,0,3,0,33.3333
wedding music bands buckinghamshire,0,3,0,39.3333
wedding music bands east sussex,0,3,0,35
wedding singer in crowthorne,0,3,0,45.3333
wedding singer oxfordshire,0,3,0,40.6667
west sussex party bands,0,3,0,34
60s cover band cheltenham,0,2,0,35.5
backbeat the band,0,2,0,7
best wedding bands bath,0,2,0,16
best wedding bands dorset,0,2,0,44.5
best wedding bands oxfordshire,0,2,0,33
bournemouth wedding bands,0,2,0,9
brighton wedding band,0,2,0,36
buckinghamshire wedding band,0,2,0,26.5
chewton glen weddings,0,2,0,40.5
clock barn hampshire,0,2,0,37
clock barn wedding hampshire,0,2,0,38.5
cool wedding bands gloucestershire,0,2,0,42.5
cornwell manor wedding,0,2,0,48
dorset wedding entertainment,0,2,0,38.5
hire a wedding band dorset,0,2,0,47.5
hire band hampshire,0,2,0,70
hire band wedding bournemouth,0,2,0,54
hire band wedding brighton,0,2,0,49.5
hire wedding bands west sussex,0,2,0,30.5
indie wedding band buckinghamshire,0,2,0,23
jazz band hampshire,0,2,0,67
live wedding bands kent,0,2,0,33
live wedding bands somerset,0,2,0,25.5
smedmore estate,0,2,0,41
smedmore house,0,2,0,48.5
smedmore house wedding,0,2,0,39
south lodge wedding,0,2,0,47
surrey function bands,0,2,0,32.5
swing band hampshire,0,2,0,88
syrencot wedding dj,0,2,0,11
the backbeat beatles,0,2,0,54
the clock barn hampshire,0,2,0,38.5
the clock barn whitchurch,0,2,0,30.5
the killers,0,2,0,8
tylney hall wedding,0,2,0,43
wedding band exeter,0,2,0,46.5
wedding band music buckinghamshire,0,2,0,27
wedding band reading,0,2,0,13
wedding band reviews gloucestershire,0,2,0,43
wedding band reviews surrey,0,2,0,18.5
wedding band set list,0,2,0,61.5
wedding bands buckinghamshire area,0,2,0,37
wedding bands east sussex,0,2,0,50.5
wedding bands for hire surrey,0,2,0,50.5
wedding bands gloucester,0,2,0,43
wedding bands in canterbury,0,2,0,47
wedding bands sussex uk,0,2,0,22.5
wedding djs hampshire,0,2,0,78
wedding function bands west sussex,0,2,0,26.5
wedding reception venues on the isle of wight,0,2,0,41.5
wedding singers brighton,0,2,0,42
wedding singers hampshire,0,2,0,42.5
wedding venue isle of wight,0,2,0,30.5
whitchurch clock barn,0,2,0,30
winchester wedding bands,0,2,0,13
barn dance bands near me,1,1,1,2
80s band for weddings in sussex & surrey,0,1,0,11
amberley castle wedding,0,1,0,38
anselm guise wedding,0,1,0,17
athelhampton house wedding,0,1,0,47
back beat,0,1,0,13
back beat music,0,1,0,10
back beats,0,1,0,39
backbeat beatles,0,1,0,72
backbeat entertainment,0,1,0,2
backbeat rock,0,1,0,8
band for hire surrey,0,1,0,52
band hire oxfordshire,0,1,0,60
bands from isle of wight,0,1,0,44
bands to hire surrey,0,1,0,32
berkeley band,0,1,0,18
berkeley castle wedding cost,0,1,0,12
berkeley castle weddings,0,1,0,26
best oxfordshire wedding bands,0,1,0,38
best wedding band oxfordshire,0,1,0,37
best wedding bands berkshire,0,1,0,22
best wedding bands brighton,0,1,0,45
best wedding bands cotswolds,0,1,0,35
best wedding bands surrey,0,1,0,46
bisham abbey wedding,0,1,0,41
brighton bandstand wedding,0,1,0,77
brighton bandstand weddings,0,1,0,86
christchurch wedding bands,0,1,0,12
clock barn hall,0,1,0,40
clock barn hampshire wedding,0,1,0,36
clock barn photos,0,1,0,77
clock barn tufton warren,0,1,0,21
clock barn wedding,0,1,0,38
clock barn wedding venue,0,1,0,37
clock barn winchester,0,1,0,42
clockbarn,0,1,0,44
cornwell manor chipping norton,0,1,0,36
cotswolds party bands,0,1,0,44
deadbeat band,0,1,0,52
devon wedding band for hire,0,1,0,63
double a and the bay,0,1,0,47
dua lipa wedding,0,1,0,24
ear candy oxford,0,1,0,27
east sussex wedding bands for hire,0,1,0,61
farnham castle wedding supplier,0,1,0,27
fulham palace wedding cost,0,1,0,19
goodwood house weddings,0,1,0,42
goodwood weddings,0,1,0,56
gravetye manor weddings,0,1,0,18
harry styles,0,1,0,24
hedsor house wedding entertainment,0,1,0,30
highclere castle wedding,0,1,0,40
highcliffe castle wedding prices,0,1,0,39
highcliffe castle weddings,0,1,0,56
hire a wedding band devon,0,1,0,81
hire a wedding band surrey,0,1,0,62
hire band wedding bath,0,1,0,34
hire band wedding cotswolds,0,1,0,45
hire band wedding dorset,0,1,0,37
hire band wedding surrey,0,1,0,53
hire wedding bands berkshire,0,1,0,30
hire wedding bands devon,0,1,0,76
indie wedding band devon,0,1,0,37
live band oxford,0,1,0,25
live bands for weddings in surrey,0,1,0,38
live music hampshire,0,1,0,13
live wedding bands in buckinghamshire,0,1,0,34
live wedding bands in gloucestershire,0,1,0,45
live wedding bands in sussex,0,1,0,33
marlboro county inurl:video,0,1,0,24
notley abbey wedding,0,1,0,50
notley abbey wedding dj,0,1,0,10
notley abbey wedding entertainment,0,1,0,11
oxfordshire party bands,0,1,0,49
oxfordshire wedding band hire,0,1,0,45
party band surrey,0,1,0,65
party bands brighton,0,1,0,60
party bands cotswolds,0,1,0,49
party bands oxfordshire,0,1,0,47
pinstripe band isle of wight,0,1,0,8
salisbury wedding bands,0,1,0,9
smaller bands,0,1,0,13
stowe house wedding,0,1,0,41
summer fetes near me,0,1,0,2
surrey bands,0,1,0,21
sussex wedding band,0,1,0,16
the back beats band,0,1,0,1
the backbeats,0,1,0,61
the backbeats band,0,1,0,3
the benedicts band,0,1,0,19
the clock barn,0,1,0,37
the clock barn whitchurch hampshire,0,1,0,25
the shadow monkeys,0,1,0,49
the shuffles band,0,1,0,47
tylney hall wedding supplier,0,1,0,27
wasing park wedding cost,0,1,0,39
wedding band brighton,0,1,0,13
wedding band east sussex,0,1,0,55
wedding band for hire oxfordshire,0,1,0,47
wedding band in gloucestershire,0,1,0,46
wedding band in sussex,0,1,0,23
wedding band playlist,0,1,0,44
wedding bands burnley,0,1,0,66
wedding bands canterbury,0,1,0,34
wedding bands for hire oxfordshire,0,1,0,41
wedding bands in east sussex,0,1,0,54
wedding bands in gloucestershire,0,1,0,46
wedding bands yeovil,0,1,0,64
wedding brass band,0,1,0,4
wedding choir in southampton,0,1,0,61
wedding dj pittville pump room,0,1,0,27
wedding dj southampton,0,1,0,58
wedding entertainment bath,0,1,0,26
wedding entertainment in surrey,0,1,0,36
wedding singer chertsey,0,1,0,46
wedding singer in basingstoke,0,1,0,63
wedding singer oxford,0,1,0,43
weddings at goodwood,0,1,0,53
west sussex function bands,0,1,0,23
woodstock blenheim palace,0,1,0,44
yes,0,1,0,9
