metric,value
site,sc-domain:backbeat-band.co.uk
window,2026-03-26 to 2026-06-22 (90 days)
total_clicks,68
total_impressions,19303
avg_ctr,0.0035
avg_position_approx,~22
top_country_clicks,"United Kingdom (65 clicks / 18,391 impressions)"
top_query_by_impressions,"wedding bands southampton (1,393 impressions, position 11, 0 clicks)"
top_query_by_clicks,"backbeat wedding band (8 clicks, CTR 12.7%, position 7.5)"
top_page_by_clicks,"/ (homepage) — 36 clicks, 8,740 impressions, position 22"
weakest_high-impression_page,"/wedding-bands/hampshire (960 impressions, position 46)"
largest_missing_page,"/wedding-bands/southampton — does not exist, query has 1,393 impressions/90d"
